Timestamp,Source IP,Destination IP,Protocol,TTL,Length
2025-04-13 11:24:25,10.162.1.250,224.0.0.251,17,255,96
2025-04-13 11:24:25,10.162.1.250,224.0.0.251,17,255,96
2025-04-13 11:24:25,10.162.1.250,224.0.0.251,17,255,96
2025-04-13 11:24:25,10.162.1.250,224.0.0.251,17,255,96
2025-04-13 11:24:25,10.162.1.250,224.0.0.251,17,255,96
2025-04-13 11:24:25,10.162.1.250,224.0.0.251,17,255,96
2025-04-13 11:24:25,10.162.1.250,224.0.0.251,17,255,96
2025-04-13 11:24:25,10.162.1.250,224.0.0.251,17,255,96
2025-04-13 11:24:25,10.162.1.250,224.0.0.251,17,255,96
2025-04-13 11:24:25,10.162.1.250,224.0.0.251,17,255,96
2025-04-13 11:24:25,10.162.1.250,224.0.0.251,17,255,96
2025-04-13 11:24:25,10.162.1.250,224.0.0.251,17,255,96
2025-04-13 11:24:25,10.162.1.250,224.0.0.251,17,255,96
2025-04-13 11:24:25,10.162.1.250,224.0.0.251,17,255,96
2025-04-13 11:24:25,10.162.1.250,224.0.0.251,17,255,96
2025-04-13 11:24:25,10.162.1.250,224.0.0.251,17,255,96
2025-04-13 11:24:25,10.162.1.250,224.0.0.251,17,255,96
2025-04-13 11:24:25,10.162.1.250,224.0.0.251,17,255,96
2025-04-13 11:24:25,10.162.1.250,224.0.0.251,17,255,96
2025-04-13 11:24:25,10.162.1.250,224.0.0.251,17,255,96
2025-04-13 11:24:25,10.162.1.250,224.0.0.251,17,255,96
2025-04-13 11:24:25,10.162.1.250,224.0.0.251,17,255,96
2025-04-13 11:24:25,10.162.1.250,224.0.0.251,17,255,96
2025-04-13 11:24:25,10.162.1.250,224.0.0.251,17,255,96
2025-04-13 11:24:25,10.162.1.250,224.0.0.251,17,255,96
2025-04-13 11:24:25,10.162.1.250,224.0.0.251,17,255,96
2025-04-13 11:24:25,10.162.1.250,224.0.0.251,17,255,96
2025-04-13 11:24:25,10.162.1.250,224.0.0.251,17,255,96
2025-04-13 11:24:25,10.162.1.250,224.0.0.251,17,255,96
2025-04-13 11:24:25,10.162.138.15,10.162.255.255,17,64,110
2025-04-13 11:24:25,10.162.1.250,224.0.0.251,17,255,96
2025-04-13 11:24:25,10.162.1.250,224.0.0.251,17,255,96
2025-04-13 11:24:25,10.162.1.250,224.0.0.251,17,255,96
2025-04-13 11:24:25,10.162.1.250,224.0.0.251,17,255,96
2025-04-13 11:24:25,10.162.1.250,224.0.0.251,17,255,96
2025-04-13 11:24:25,10.162.1.250,224.0.0.251,17,255,96
2025-04-13 11:24:25,10.162.1.250,224.0.0.251,17,255,96
2025-04-13 11:24:25,10.162.1.250,224.0.0.251,17,255,96
2025-04-13 11:24:25,10.162.1.250,224.0.0.251,17,255,96
2025-04-13 11:24:25,10.162.1.250,224.0.0.251,17,255,96
2025-04-13 11:24:25,10.162.1.250,224.0.0.251,17,255,96
2025-04-13 11:24:25,10.162.1.250,224.0.0.251,17,255,96
2025-04-13 11:24:25,10.162.1.250,224.0.0.251,17,255,96
2025-04-13 11:24:25,10.162.1.250,224.0.0.251,17,255,96
2025-04-13 11:24:25,10.162.1.250,224.0.0.251,17,255,96
2025-04-13 11:24:25,10.162.1.250,224.0.0.251,17,255,96
2025-04-13 11:24:25,10.162.1.250,224.0.0.251,17,255,96
2025-04-13 11:24:25,10.162.1.250,224.0.0.251,17,255,96
2025-04-13 11:24:25,10.162.1.250,224.0.0.251,17,255,96
2025-04-13 11:24:25,10.162.1.250,224.0.0.251,17,255,96
2025-04-13 11:24:25,10.162.1.250,224.0.0.251,17,255,98